date,country,total_cases,new_cases,total_deaths,new_deaths,total_recoveries,active_cases
2020-01-22,Country_0,16795,288,2514,40,32441,-18160
2020-01-23,Country_1,1860,436,3526,53,39129,-40795
2020-01-24,Country_2,77820,661,4681,45,62368,10771
2020-01-25,Country_3,55886,276,1247,59,44760,9879
2020-01-26,Country_4,7265,709,3902,59,23478,-20115
2020-01-27,Country_5,83386,581,1435,56,71854,10097
2020-01-28,Country_6,38194,502,571,30,85716,-48093
2020-01-29,Country_7,88498,623,2382,83,12180,73936
2020-01-30,Country_8,45131,515,1245,23,15372,28514
2020-01-31,Country_9,61263,349,2084,88,29796,29383
2020-02-01,Country_0,17023,842,277,35,58272,-41526
2020-02-02,Country_1,42090,445,1887,84,89963,-49760
2020-02-03,Country_2,68221,829,4579,29,54040,9602
2020-02-04,Country_3,65820,349,1265,23,75357,-10802
2020-02-05,Country_4,1769,606,4826,29,71368,-74425
2020-02-06,Country_5,60735,663,1040,85,78356,-18661
2020-02-07,Country_6,63955,822,917,91,16211,46827
2020-02-08,Country_7,65925,136,885,6,5842,59198
2020-02-09,Country_8,68969,758,2752,34,63115,3102
2020-02-10,Country_9,6311,898,21,54,66852,-60562
2020-02-11,Country_0,84104,242,4569,91,45968,33567
2020-02-12,Country_1,54707,542,3191,13,17508,34008
2020-02-13,Country_2,86305,39,2353,9,22005,61947
2020-02-14,Country_3,29693,228,4799,79,54575,-29681
2020-02-15,Country_4,72932,547,686,15,80742,-8496
2020-02-16,Country_5,94016,919,284,53,18971,74761
2020-02-17,Country_6,26658,222,4811,94,25599,-3752
2020-02-18,Country_7,85478,5,3747,88,87592,-5861
2020-02-19,Country_8,19431,321,762,76,66914,-48245
2020-02-20,Country_9,3747,467,2428,69,67055,-65736
2020-02-21,Country_0,60150,731,2507,43,87697,-30054
2020-02-22,Country_1,66725,74,28,72,5355,61342
2020-02-23,Country_2,85654,3,906,44,54120,30628
2020-02-24,Country_3,36773,846,3104,99,74619,-40950
2020-02-25,Country_4,68435,645,3999,55,38342,26094
2020-02-26,Country_5,57886,117,2994,83,85992,-31100
2020-02-27,Country_6,67803,880,2506,81,78860,-13563
2020-02-28,Country_7,32551,605,4665,56,2257,25629
2020-02-29,Country_8,12394,503,3609,20,27364,-18579
2020-03-01,Country_9,70092,997,3553,67,24972,41567
2020-03-02,Country_0,4890,946,1453,49,26654,-23217
2020-03-03,Country_1,42606,573,4833,32,80769,-42996
2020-03-04,Country_2,97276,440,3356,90,81423,12497
2020-03-05,Country_3,81038,193,515,6,29320,51203
2020-03-06,Country_4,88313,846,38,69,20808,67467
2020-03-07,Country_5,11627,714,3342,14,52389,-44104
2020-03-08,Country_6,9792,391,886,81,34773,-25867
2020-03-09,Country_7,74969,25,2844,31,51168,20957
2020-03-10,Country_8,44001,434,2204,74,27747,14050
2020-03-11,Country_9,77552,172,1098,19,76396,58
2020-03-12,Country_0,24897,299,1823,87,83692,-60618
2020-03-13,Country_1,69148,644,3201,14,57505,8442
2020-03-14,Country_2,24483,325,3155,47,85896,-64568
2020-03-15,Country_3,49555,409,3093,70,18135,28327
2020-03-16,Country_4,18159,117,3530,20,47377,-32748
2020-03-17,Country_5,81077,835,3778,41,23554,53745
2020-03-18,Country_6,36920,786,2896,25,62491,-28467
2020-03-19,Country_7,93067,723,3453,13,55621,33993
2020-03-20,Country_8,68121,224,3511,56,58283,6327
2020-03-21,Country_9,70479,531,988,36,85140,-15649
2020-03-22,Country_0,90475,112,4116,57,16923,69436
2020-03-23,Country_1,20457,139,4964,20,47591,-32098
2020-03-24,Country_2,67557,558,4026,81,62261,1270
2020-03-25,Country_3,78189,0,4179,68,54336,19674
2020-03-26,Country_4,79953,89,1682,2,74083,4188
2020-03-27,Country_5,53995,653,4665,86,60948,-11618
2020-03-28,Country_6,41757,319,3963,89,33002,4792
2020-03-29,Country_7,10692,549,933,36,80098,-70339
2020-03-30,Country_8,46758,804,3598,87,73016,-29856
2020-03-31,Country_9,73409,893,3233,48,26672,43504
2020-04-01,Country_0,72211,138,1980,18,4213,66018
2020-04-02,Country_1,66697,510,1855,88,10293,54549
2020-04-03,Country_2,38065,867,3056,84,55860,-20851
2020-04-04,Country_3,93093,844,792,11,62507,29794
2020-04-05,Country_4,33606,258,791,60,57134,-24319
2020-04-06,Country_5,12534,672,1809,40,2100,8625
2020-04-07,Country_6,95663,901,2255,32,61997,31411
2020-04-08,Country_7,41397,689,3610,49,28172,9615
2020-04-09,Country_8,92387,9,1607,67,20132,70648
2020-04-10,Country_9,2016,260,984,70,18199,-17167
2020-04-11,Country_0,90789,918,3676,85,36609,50504
2020-04-12,Country_1,56591,649,3380,32,42965,10246
2020-04-13,Country_2,90812,171,519,80,8016,82277
2020-04-14,Country_3,24247,897,590,23,39779,-16122
2020-04-15,Country_4,25300,12,1050,60,31881,-7631
2020-04-16,Country_5,75065,167,3633,60,82594,-11162
2020-04-17,Country_6,83798,641,4444,97,24472,54882
2020-04-18,Country_7,10268,595,959,27,51813,-42504
2020-04-19,Country_8,87807,320,692,57,36021,51094
2020-04-20,Country_9,13185,318,3899,42,54131,-44845
2020-04-21,Country_0,64704,612,4473,40,24087,36144
2020-04-22,Country_1,87779,328,2946,38,12828,72005
2020-04-23,Country_2,40099,784,526,85,61610,-22037
2020-04-24,Country_3,9571,776,3224,48,1401,4946
2020-04-25,Country_4,39044,970,2253,16,85179,-48388
2020-04-26,Country_5,52214,910,3344,97,15193,33677
2020-04-27,Country_6,62228,919,3965,69,44864,13399
2020-04-28,Country_7,49984,549,1875,69,20307,27802
2020-04-29,Country_8,41774,418,1763,97,19611,20400
2020-04-30,Country_9,3568,605,520,64,43791,-40743
2020-01-22,Country_0,63592,94,1016,73,11950,50626
2020-01-23,Country_1,68563,816,116,84,76240,-7793
2020-01-24,Country_2,3695,580,2433,4,77403,-76141
2020-01-25,Country_3,49190,317,583,1,2745,45862
2020-01-26,Country_4,6258,955,394,21,55243,-49379
2020-01-27,Country_5,88538,235,3788,56,3866,80884
2020-01-28,Country_6,40504,945,2768,65,32245,5491
2020-01-29,Country_7,34159,333,4167,73,44724,-14732
2020-01-30,Country_8,14986,884,3860,97,71354,-60228
2020-01-31,Country_9,62858,375,273,15,51374,11211
2020-02-01,Country_0,13666,458,2013,50,30116,-18463
2020-02-02,Country_1,39660,136,4433,38,81029,-45802
2020-02-03,Country_2,4561,929,1389,85,20447,-17275
2020-02-04,Country_3,27854,587,3566,75,30431,-6143
2020-02-05,Country_4,65505,994,4702,87,17908,42895
2020-02-06,Country_5,53251,546,165,39,29336,23750
2020-02-07,Country_6,23662,512,1567,37,40992,-18897
2020-02-08,Country_7,9392,295,728,59,55350,-46686
2020-02-09,Country_8,31535,319,2043,58,69561,-40069
2020-02-10,Country_9,79603,917,4197,9,51955,23451
2020-02-11,Country_0,53256,571,3496,98,61240,-11480
2020-02-12,Country_1,90135,831,778,63,20093,69264
2020-02-13,Country_2,36222,348,213,62,6155,29854
2020-02-14,Country_3,78373,839,3762,48,46607,28004
2020-02-15,Country_4,80575,778,1576,63,33487,45512
2020-02-16,Country_5,97354,872,2448,31,55668,39238
2020-02-17,Country_6,85651,228,2936,6,20963,61752
2020-02-18,Country_7,64335,269,3117,20,50124,11094
2020-02-19,Country_8,11965,827,591,19,52870,-41496
2020-02-20,Country_9,25538,797,2720,25,56547,-33729
2020-02-21,Country_0,71592,290,713,67,64110,6769
2020-02-22,Country_1,99018,724,935,85,53554,44529
2020-02-23,Country_2,9110,164,4337,14,20936,-16163
2020-02-24,Country_3,80309,4,1,84,4426,75882
2020-02-25,Country_4,28266,850,2848,78,88839,-63421
2020-02-26,Country_5,53992,378,4044,85,27606,22342
2020-02-27,Country_6,83948,77,1949,91,47832,34167
2020-02-28,Country_7,99806,409,917,13,28151,70738
2020-02-29,Country_8,7910,573,3174,26,79303,-74567
2020-03-01,Country_9,91982,131,2241,39,11308,78433
2020-03-02,Country_0,1206,600,89,57,62522,-61405
2020-03-03,Country_1,88054,748,1709,27,45671,40674
2020-03-04,Country_2,88897,41,2169,25,2204,84524
2020-03-05,Country_3,24419,88,4238,62,87265,-67084
2020-03-06,Country_4,51636,401,3041,65,31131,17464
2020-03-07,Country_5,51015,295,105,24,52428,-1518
2020-03-08,Country_6,55268,839,886,2,33870,20512
2020-03-09,Country_7,88939,294,427,71,49067,39445
2020-03-10,Country_8,19141,615,1895,43,58585,-41339
2020-03-11,Country_9,81356,525,316,96,21607,59433
2020-03-12,Country_0,72910,799,634,41,24968,47308
2020-03-13,Country_1,57044,690,1925,98,11908,43211
2020-03-14,Country_2,68214,636,2056,5,26423,39735
2020-03-15,Country_3,34827,421,3144,38,74707,-43024
2020-03-16,Country_4,56820,864,2270,51,78257,-23707
2020-03-17,Country_5,63623,22,1439,22,61215,969
2020-03-18,Country_6,82734,574,552,88,55835,26347
2020-03-19,Country_7,76450,142,715,49,49429,26306
2020-03-20,Country_8,94426,992,3911,42,82152,8363
2020-03-21,Country_9,23299,664,1713,18,38458,-16872
2020-03-22,Country_0,44585,144,3389,68,46169,-4973
2020-03-23,Country_1,65044,224,1107,50,7659,56278
2020-03-24,Country_2,43557,502,4206,10,60614,-21263
2020-03-25,Country_3,50080,961,250,11,77240,-27410
2020-03-26,Country_4,3693,973,2430,73,32793,-31530
2020-03-27,Country_5,96003,820,2054,7,46473,47476
2020-03-28,Country_6,96259,615,458,23,89388,6413
2020-03-29,Country_7,70163,103,207,91,88330,-18374
2020-03-30,Country_8,26939,946,899,40,55751,-29711
2020-03-31,Country_9,49925,38,3461,35,78915,-32451
2020-04-01,Country_0,43941,946,3385,84,54254,-13698
2020-04-02,Country_1,22834,197,21,71,7006,15807
2020-04-03,Country_2,19047,645,409,54,74218,-55580
2020-04-04,Country_3,27105,578,894,8,65344,-39133
2020-04-05,Country_4,76766,390,514,46,33840,42412
2020-04-06,Country_5,16707,178,4904,14,32430,-20627
2020-04-07,Country_6,22976,967,4969,47,23091,-5084
2020-04-08,Country_7,45262,553,4109,81,32983,8170
2020-04-09,Country_8,24776,447,2134,41,23989,-1347
2020-04-10,Country_9,31080,499,3595,59,75451,-47966
2020-04-11,Country_0,67842,14,2956,83,18990,45896
2020-04-12,Country_1,62373,622,1560,69,80360,-19547
2020-04-13,Country_2,7776,668,1266,11,36081,-29571
2020-04-14,Country_3,93787,288,2169,1,11033,80585
2020-04-15,Country_4,56016,477,3638,6,16241,36137
2020-04-16,Country_5,10474,230,749,79,5939,3786
2020-04-17,Country_6,59053,922,3427,2,47562,8064
2020-04-18,Country_7,22959,419,4780,2,35063,-16884
2020-04-19,Country_8,6530,156,1927,26,76721,-72118
2020-04-20,Country_9,95856,549,3804,39,27045,65007
2020-04-21,Country_0,4748,440,3702,32,44769,-43723
2020-04-22,Country_1,98504,96,2356,91,47118,49030
2020-04-23,Country_2,99098,996,4790,0,84703,9605
2020-04-24,Country_3,14545,410,2335,7,21625,-9415
2020-04-25,Country_4,67199,950,306,31,27076,39817
2020-04-26,Country_5,35766,288,3665,47,64805,-32704
2020-04-27,Country_6,74530,253,1989,3,44605,27936
2020-04-28,Country_7,94557,195,661,93,84565,9331
2020-04-29,Country_8,62087,597,4644,69,88509,-31066
2020-04-30,Country_9,96839,833,311,18,39121,57407
2020-01-22,Country_0,69840,521,2920,31,65101,1819
2020-01-23,Country_1,55384,516,1082,8,31433,22869
2020-01-24,Country_2,52005,634,2971,11,43309,5725
2020-01-25,Country_3,47576,841,754,10,67468,-20646
2020-01-26,Country_4,40353,864,4130,45,44254,-8031
2020-01-27,Country_5,63003,117,4540,15,67293,-8830
2020-01-28,Country_6,84211,805,352,0,37853,46006
2020-01-29,Country_7,53733,908,902,62,38405,14426
2020-01-30,Country_8,66318,158,3888,20,66652,-4222
2020-01-31,Country_9,90474,814,158,29,43527,46789
2020-02-01,Country_0,24664,227,1977,12,77227,-54540
2020-02-02,Country_1,68172,876,956,33,492,66724
2020-02-03,Country_2,86616,215,2071,3,8811,75734
2020-02-04,Country_3,94264,947,403,27,24272,69589
2020-02-05,Country_4,27736,695,4611,94,72010,-48885
2020-02-06,Country_5,95209,14,2779,58,47153,45277
2020-02-07,Country_6,1854,156,1387,26,54110,-53643
2020-02-08,Country_7,91084,647,3453,68,13979,73652
2020-02-09,Country_8,39623,260,955,24,28328,10340
2020-02-10,Country_9,8392,156,1712,2,12867,-6187
2020-02-11,Country_0,56680,46,4703,96,59234,-7257
2020-02-12,Country_1,47717,323,1273,67,25851,20593
2020-02-13,Country_2,88092,843,3811,24,31279,53002
2020-02-14,Country_3,51859,684,2625,19,73402,-24168
2020-02-15,Country_4,27309,129,2382,33,15449,9478
2020-02-16,Country_5,88455,410,1441,25,76221,10793
2020-02-17,Country_6,64734,94,2979,4,89080,-27325
2020-02-18,Country_7,71467,626,1797,98,5451,64219
2020-02-19,Country_8,53662,754,4390,60,87178,-37906
2020-02-20,Country_9,99506,931,4009,91,41316,54181
2020-02-21,Country_0,13688,291,4850,92,63064,-54226
2020-02-22,Country_1,26342,793,1394,8,63761,-38813
2020-02-23,Country_2,38157,810,4281,49,38870,-4994
2020-02-24,Country_3,68863,282,1269,5,30873,36721
2020-02-25,Country_4,53083,68,4732,82,58627,-10276
2020-02-26,Country_5,66733,659,3714,59,66155,-3136
2020-02-27,Country_6,90045,10,529,43,25372,64144
2020-02-28,Country_7,35698,253,3623,10,3642,28433
2020-02-29,Country_8,81623,841,2958,65,28001,50664
2020-03-01,Country_9,23671,871,2914,46,34064,-13307
2020-03-02,Country_0,26184,549,4889,72,14122,7173
2020-03-03,Country_1,94384,133,3591,84,24820,65973
2020-03-04,Country_2,43107,711,2147,87,68431,-27471
2020-03-05,Country_3,87202,22,4573,97,55745,26884
2020-03-06,Country_4,52663,814,3369,85,50081,-787
2020-03-07,Country_5,16708,345,939,2,70902,-55133
2020-03-08,Country_6,92906,301,525,75,8711,83670
2020-03-09,Country_7,50811,362,1,91,85132,-34322
2020-03-10,Country_8,3811,395,374,29,18793,-15356
2020-03-11,Country_9,57250,217,2340,89,8199,46711
2020-03-12,Country_0,73082,140,4005,20,76253,-7176
2020-03-13,Country_1,35754,615,3052,27,36191,-3489
2020-03-14,Country_2,96742,957,4648,89,10211,81883
2020-03-15,Country_3,12411,209,2365,61,63069,-53023
2020-03-16,Country_4,3911,984,1525,32,88896,-86510
2020-03-17,Country_5,68270,992,4476,84,56746,7048
2020-03-18,Country_6,84763,622,1646,34,21542,61575
2020-03-19,Country_7,9680,615,13,51,31312,-21645
2020-03-20,Country_8,85896,827,4599,33,45242,36055
2020-03-21,Country_9,84879,682,2278,40,87893,-5292
2020-03-22,Country_0,72295,459,3155,50,55388,13752
2020-03-23,Country_1,89614,355,129,46,27691,61794
2020-03-24,Country_2,12111,323,3814,81,77960,-69663
2020-03-25,Country_3,38504,132,4933,57,84388,-50817
2020-03-26,Country_4,2802,887,3216,74,22601,-23015
2020-03-27,Country_5,9155,804,2938,56,18020,-11803
2020-03-28,Country_6,74656,839,3928,22,8155,62573
2020-03-29,Country_7,40384,126,2040,47,69119,-30775
2020-03-30,Country_8,48254,105,27,21,81051,-32824
2020-03-31,Country_9,22918,603,2113,16,36777,-15972
2020-04-01,Country_0,86981,798,1252,68,19710,66019
2020-04-02,Country_1,61713,377,4356,10,24532,32825
2020-04-03,Country_2,31306,904,2046,93,18601,10659
2020-04-04,Country_3,17646,50,4555,14,63227,-50136
2020-04-05,Country_4,47843,28,4023,90,4967,38853
2020-04-06,Country_5,97601,461,4396,34,84289,8916
2020-04-07,Country_6,91735,295,3374,32,20022,68339
2020-04-08,Country_7,17371,296,3466,83,43463,-29558
2020-04-09,Country_8,78371,725,3081,15,74671,619
2020-04-10,Country_9,3049,778,3778,33,5722,-6451
2020-04-11,Country_0,32616,406,629,65,27413,4574
2020-04-12,Country_1,21932,768,269,98,81050,-59387
2020-04-13,Country_2,30855,813,2639,39,85867,-57651
2020-04-14,Country_3,62434,612,1993,27,83596,-23155
2020-04-15,Country_4,73694,404,2891,46,66732,4071
2020-04-16,Country_5,44016,345,4957,38,12297,26762
2020-04-17,Country_6,8400,621,3432,69,68323,-63355
2020-04-18,Country_7,43642,419,1280,72,23816,18546
2020-04-19,Country_8,16151,181,2360,19,40695,-26904
2020-04-20,Country_9,52407,982,575,0,19702,32130
2020-04-21,Country_0,67690,824,1307,71,25242,41141
2020-04-22,Country_1,5499,0,3192,86,55841,-53534
2020-04-23,Country_2,7295,830,3178,62,67712,-63595
2020-04-24,Country_3,60040,949,2734,66,85663,-28357
2020-04-25,Country_4,13183,566,2212,3,53574,-42603
2020-04-26,Country_5,30299,370,2352,57,85744,-57797
2020-04-27,Country_6,13874,935,3568,24,28482,-18176
2020-04-28,Country_7,33711,910,1655,46,9171,22885
2020-04-29,Country_8,6539,660,1579,37,3696,1264
2020-04-30,Country_9,54351,430,2203,14,20058,32090
2020-01-22,Country_0,62267,968,1390,62,20313,40564
2020-01-23,Country_1,49354,308,1742,20,19149,28463
2020-01-24,Country_2,3557,136,1925,98,53521,-51889
2020-01-25,Country_3,39360,201,619,56,45740,-6999
2020-01-26,Country_4,83018,435,1274,52,4956,76788
2020-01-27,Country_5,3200,312,956,45,75731,-73487
2020-01-28,Country_6,69497,116,1939,13,82612,-15054
2020-01-29,Country_7,47975,665,3953,99,66641,-22619
2020-01-30,Country_8,22357,936,2381,75,63811,-43835
2020-01-31,Country_9,78505,802,968,16,52160,25377
2020-02-01,Country_0,3869,574,1316,38,51313,-48760
2020-02-02,Country_1,62135,243,1043,8,63232,-2140
2020-02-03,Country_2,51108,536,281,98,15417,35410
2020-02-04,Country_3,95179,601,2844,76,24729,67606
2020-02-05,Country_4,91272,74,1058,78,30099,60115
2020-02-06,Country_5,39467,805,4293,81,29961,5213
2020-02-07,Country_6,24328,385,2532,96,12602,9194
2020-02-08,Country_7,92412,902,3828,5,9256,79328
2020-02-09,Country_8,87831,209,1008,90,86120,703
2020-02-10,Country_9,4987,474,1229,22,34681,-30923
2020-02-11,Country_0,59871,417,1035,58,87440,-28604
2020-02-12,Country_1,23399,346,4585,90,64789,-45975
2020-02-13,Country_2,47214,528,275,97,43361,3578
2020-02-14,Country_3,87416,639,2740,45,64503,20173
2020-02-15,Country_4,71271,938,2289,37,34540,34442
2020-02-16,Country_5,45064,954,1239,13,26536,17289
2020-02-17,Country_6,71091,875,125,99,84700,-13734
2020-02-18,Country_7,41818,762,4065,71,63043,-25290
2020-02-19,Country_8,46525,178,4312,61,78532,-36319
2020-02-20,Country_9,20830,181,3868,34,56575,-39613
2020-02-21,Country_0,18429,663,1208,18,2871,14350
2020-02-22,Country_1,7893,24,3249,29,46002,-41358
2020-02-23,Country_2,80909,966,918,77,49812,30179
2020-02-24,Country_3,48333,179,3923,83,22626,21784
2020-02-25,Country_4,4436,709,4403,24,59979,-59946
2020-02-26,Country_5,75290,500,1969,39,76057,-2736
2020-02-27,Country_6,77213,855,2793,87,66668,7752
2020-02-28,Country_7,6895,160,891,13,80070,-74066
2020-02-29,Country_8,20738,176,4470,25,89390,-73122
2020-03-01,Country_9,31746,284,2033,86,42998,-13285
2020-03-02,Country_0,50377,62,1364,21,63814,-14801
2020-03-03,Country_1,49404,661,128,47,45607,3669
2020-03-04,Country_2,55045,665,1014,82,7812,46219
2020-03-05,Country_3,98888,155,1799,50,61844,35245
2020-03-06,Country_4,40790,881,4612,2,70093,-33915
2020-03-07,Country_5,6600,468,1518,41,2179,2903
2020-03-08,Country_6,95660,48,4181,18,43798,47681
2020-03-09,Country_7,94179,966,1198,72,74601,18380
2020-03-10,Country_8,41764,848,3873,27,8275,29616
2020-03-11,Country_9,75543,83,2474,83,50574,22495
2020-03-12,Country_0,46714,360,3485,44,47857,-4628
2020-03-13,Country_1,57835,688,4049,70,20700,33086
2020-03-14,Country_2,74744,147,3719,77,39464,31561
2020-03-15,Country_3,57491,629,302,62,42351,14838
2020-03-16,Country_4,19589,341,3952,72,82534,-66897
2020-03-17,Country_5,44484,475,4683,18,13869,25932
2020-03-18,Country_6,83989,62,986,46,60315,22688
2020-03-19,Country_7,37212,700,1863,13,20954,14395
2020-03-20,Country_8,44525,359,4440,37,31555,8530
2020-03-21,Country_9,48202,560,4909,52,63353,-20060
2020-03-22,Country_0,33635,326,3072,60,82190,-51627
2020-03-23,Country_1,64208,768,3124,35,45026,16058
2020-03-24,Country_2,34828,735,1327,39,46976,-13475
2020-03-25,Country_3,19711,140,2408,80,80578,-63275
2020-03-26,Country_4,4420,989,3673,29,45095,-44348
2020-03-27,Country_5,97752,214,3291,8,14270,80191
2020-03-28,Country_6,1301,434,4033,63,30908,-33640
2020-03-29,Country_7,46236,890,703,32,15523,30010
2020-03-30,Country_8,67235,951,574,51,62433,4228
2020-03-31,Country_9,55240,722,3232,88,47068,4940
2020-04-01,Country_0,66726,317,4783,13,19991,41952
2020-04-02,Country_1,11492,31,2632,74,10775,-1915
2020-04-03,Country_2,7102,669,3828,52,77801,-74527
2020-04-04,Country_3,51336,284,3230,98,84995,-36889
2020-04-05,Country_4,86314,304,488,58,61250,24576
2020-04-06,Country_5,27641,428,1347,77,16673,9621
2020-04-07,Country_6,35584,476,3681,93,27056,4847
2020-04-08,Country_7,33745,285,3173,40,6614,23958
2020-04-09,Country_8,24093,143,4589,67,7415,12089
2020-04-10,Country_9,67105,423,1667,67,88691,-23253
2020-04-11,Country_0,52885,18,1637,91,43884,7364
2020-04-12,Country_1,37631,17,4114,7,16964,16553
2020-04-13,Country_2,73991,768,3553,1,37726,32712
2020-04-14,Country_3,5014,589,1000,85,37044,-33030
2020-04-15,Country_4,12093,370,850,40,57149,-45906
2020-04-16,Country_5,19070,174,1388,54,37544,-19862
2020-04-17,Country_6,36777,193,3712,15,49976,-16911
2020-04-18,Country_7,57958,501,1367,92,32252,24339
2020-04-19,Country_8,83074,987,821,61,3832,78421
2020-04-20,Country_9,11729,112,454,47,80437,-69162
2020-04-21,Country_0,46017,113,1624,29,34148,10245
2020-04-22,Country_1,67320,221,2772,11,61240,3308
2020-04-23,Country_2,28751,677,3726,34,88454,-63429
2020-04-24,Country_3,79069,946,3147,10,85076,-9154
2020-04-25,Country_4,55748,830,4089,63,77116,-25457
2020-04-26,Country_5,6801,643,4806,49,53459,-51464
2020-04-27,Country_6,20190,896,2190,84,38402,-20402
2020-04-28,Country_7,50689,263,916,20,57727,-7954
2020-04-29,Country_8,51993,924,3986,68,38578,9429
2020-04-30,Country_9,30592,54,2875,47,22318,5399
2020-01-22,Country_0,11647,870,1440,19,75715,-65508
2020-01-23,Country_1,9716,642,4400,66,77787,-72471
2020-01-24,Country_2,89891,799,735,43,85029,4127
2020-01-25,Country_3,88545,777,3568,32,20466,64511
2020-01-26,Country_4,90912,457,3338,72,45475,42099
2020-01-27,Country_5,71316,978,3015,60,60142,8159
2020-01-28,Country_6,3368,877,2889,8,85160,-84681
2020-01-29,Country_7,78575,161,961,67,26564,51050
2020-01-30,Country_8,7655,379,2989,34,22412,-17746
2020-01-31,Country_9,71031,992,3848,80,51001,16182
2020-02-01,Country_0,77429,86,1026,97,57649,18754
2020-02-02,Country_1,92083,54,3865,87,60957,27261
2020-02-03,Country_2,88922,475,2863,95,35517,50542
2020-02-04,Country_3,56766,799,2501,64,13156,41109
2020-02-05,Country_4,14403,177,1947,7,23064,-10608
2020-02-06,Country_5,33097,390,1177,44,25711,6209
2020-02-07,Country_6,79657,348,4760,86,30106,44791
2020-02-08,Country_7,11966,7,11,46,65458,-53503
2020-02-09,Country_8,94848,832,4399,39,16589,73860
2020-02-10,Country_9,53921,312,3364,75,89272,-38715
2020-02-11,Country_0,50726,758,3022,53,86511,-38807
2020-02-12,Country_1,51300,834,3371,75,7214,40715
2020-02-13,Country_2,23677,983,2830,45,85731,-64884
2020-02-14,Country_3,56609,982,42,46,27127,29440
2020-02-15,Country_4,97825,442,943,14,5141,91741
2020-02-16,Country_5,57661,766,2390,18,28884,26387
2020-02-17,Country_6,32024,327,2545,25,2708,26771
2020-02-18,Country_7,71313,53,2411,51,18375,50527
2020-02-19,Country_8,54006,760,4986,92,15088,33932
2020-02-20,Country_9,96285,238,1004,21,57615,37666
2020-02-21,Country_0,16338,228,20,20,45046,-28728
2020-02-22,Country_1,69027,578,406,50,10014,58607
2020-02-23,Country_2,93772,50,1014,37,64425,28333
2020-02-24,Country_3,81135,608,4431,19,3273,73431
2020-02-25,Country_4,20508,603,1838,28,47135,-28465
2020-02-26,Country_5,4051,263,3188,50,30881,-30018
2020-02-27,Country_6,49747,417,714,3,78077,-29044
2020-02-28,Country_7,88142,802,4146,54,8712,75284
2020-02-29,Country_8,88235,95,3854,70,74704,9677
2020-03-01,Country_9,55021,87,4419,91,52874,-2272
2020-03-02,Country_0,67412,77,4884,27,69087,-6559
2020-03-03,Country_1,59335,287,140,3,12297,46898
2020-03-04,Country_2,57179,119,4565,21,27128,25486
2020-03-05,Country_3,33093,813,4882,75,68368,-40157
2020-03-06,Country_4,70678,490,963,44,87599,-17884
2020-03-07,Country_5,81738,911,372,66,88499,-7133
2020-03-08,Country_6,40734,451,3635,85,78958,-41859
2020-03-09,Country_7,73615,499,2541,65,32920,38154
2020-03-10,Country_8,74523,164,3610,87,11156,59757
2020-03-11,Country_9,95476,181,1692,33,11108,82676
2020-03-12,Country_0,18019,468,105,90,31845,-13931
2020-03-13,Country_1,84613,909,1681,54,2800,80132
2020-03-14,Country_2,92794,734,4097,0,42712,45985
2020-03-15,Country_3,87672,822,4016,71,2610,81046
2020-03-16,Country_4,74847,943,2636,86,77603,-5392
2020-03-17,Country_5,83750,977,2137,37,33872,47741
2020-03-18,Country_6,80634,6,3416,5,10728,66490
2020-03-19,Country_7,29251,329,4445,85,20583,4223
2020-03-20,Country_8,26945,774,3530,24,85774,-62359
2020-03-21,Country_9,91852,672,1286,81,7263,83303
2020-03-22,Country_0,33217,150,3179,16,67450,-37412
2020-03-23,Country_1,9308,84,3654,60,89285,-83631
2020-03-24,Country_2,6949,146,2359,11,19456,-14866
2020-03-25,Country_3,52990,623,444,5,65942,-13396
2020-03-26,Country_4,2150,380,35,89,13689,-11574
2020-03-27,Country_5,90480,914,1475,26,32934,56071
2020-03-28,Country_6,75740,547,3957,7,33276,38507
2020-03-29,Country_7,67617,284,1798,82,19873,45946
2020-03-30,Country_8,95841,699,1845,64,13050,80946
2020-03-31,Country_9,17896,81,1408,56,66216,-49728
2020-04-01,Country_0,47175,513,1708,92,84444,-38977
2020-04-02,Country_1,8805,896,2938,98,84040,-78173
2020-04-03,Country_2,6237,814,1300,39,21644,-16707
2020-04-04,Country_3,21056,708,1243,13,62021,-42208
2020-04-05,Country_4,46543,915,3976,34,37125,5442
2020-04-06,Country_5,57556,522,3097,47,66899,-12440
2020-04-07,Country_6,4343,745,4616,83,42291,-42564
2020-04-08,Country_7,14500,385,9,55,35060,-20569
2020-04-09,Country_8,54222,706,2425,48,1538,50259
2020-04-10,Country_9,30375,470,1660,12,36176,-7461
2020-04-11,Country_0,10662,118,2631,60,41520,-33489
2020-04-12,Country_1,17964,395,4815,48,25675,-12526
2020-04-13,Country_2,60638,531,1072,45,18287,41279
2020-04-14,Country_3,74666,260,3225,61,174,71267
2020-04-15,Country_4,86067,804,4954,7,34998,46115
2020-04-16,Country_5,68215,933,1316,42,53312,13587
2020-04-17,Country_6,70042,255,4145,19,12112,53785
2020-04-18,Country_7,14284,733,3683,96,75225,-64624
2020-04-19,Country_8,73789,904,3273,89,44814,25702
2020-04-20,Country_9,85664,225,145,38,85091,428
2020-04-21,Country_0,94468,52,3040,84,50719,40709
2020-04-22,Country_1,62389,939,1462,48,33919,27008
2020-04-23,Country_2,10435,866,4676,63,73155,-67396
2020-04-24,Country_3,55340,499,1584,61,71569,-17813
2020-04-25,Country_4,45078,505,482,53,41328,3268
2020-04-26,Country_5,79832,853,3179,8,70482,6171
2020-04-27,Country_6,52293,363,1249,87,24618,26426
2020-04-28,Country_7,96981,279,4768,36,34675,57538
2020-04-29,Country_8,79781,592,630,48,18919,60232
2020-04-30,Country_9,61403,713,661,40,4173,56569
2020-01-22,Country_0,30124,157,3503,16,26400,221
2020-01-23,Country_1,96435,631,2852,87,50445,43138
2020-01-24,Country_2,44919,58,2466,20,70305,-27852
2020-01-25,Country_3,36247,726,987,50,37564,-2304
2020-01-26,Country_4,95758,127,1546,58,45814,48398
2020-01-27,Country_5,92747,735,649,38,79747,12351
2020-01-28,Country_6,63752,720,968,54,88791,-26007
2020-01-29,Country_7,57573,881,2637,40,27962,26974
2020-01-30,Country_8,60101,114,1100,38,84892,-25891
2020-01-31,Country_9,27646,208,440,12,85842,-58636
2020-02-01,Country_0,24049,525,769,63,70533,-47253
2020-02-02,Country_1,80605,520,1343,10,56184,23078
2020-02-03,Country_2,99116,551,4358,18,82912,11846
2020-02-04,Country_3,98379,961,3729,10,10578,84072
2020-02-05,Country_4,69385,236,3906,76,18624,46855
2020-02-06,Country_5,41158,280,1577,45,39194,387
2020-02-07,Country_6,66417,358,4008,44,389,62020
2020-02-08,Country_7,24289,200,3351,0,67391,-46453
2020-02-09,Country_8,10823,757,4795,39,13794,-7766
2020-02-10,Country_9,61160,277,2349,18,58002,809
2020-02-11,Country_0,42975,234,3602,75,35531,3842
2020-02-12,Country_1,10540,493,1241,71,52815,-43516
2020-02-13,Country_2,17364,3,1125,71,4986,11253
2020-02-14,Country_3,5611,665,2601,60,32298,-29288
2020-02-15,Country_4,28663,441,1190,11,1481,25992
2020-02-16,Country_5,52991,28,4131,60,56408,-7548
2020-02-17,Country_6,58679,108,4839,32,69267,-15427
2020-02-18,Country_7,31977,609,4448,44,16835,10694
2020-02-19,Country_8,95704,726,72,89,27798,67834
2020-02-20,Country_9,50115,804,1914,91,64887,-16686
2020-02-21,Country_0,92007,74,2472,68,19477,70058
2020-02-22,Country_1,89223,837,3046,7,17266,68911
2020-02-23,Country_2,61890,145,707,24,86328,-25145
2020-02-24,Country_3,67387,127,1804,90,85988,-20405
2020-02-25,Country_4,19071,852,3713,45,43526,-28168
2020-02-26,Country_5,60275,41,2564,86,11889,45822
2020-02-27,Country_6,73369,355,2475,29,24335,46559
2020-02-28,Country_7,12938,40,3610,46,11254,-1926
2020-02-29,Country_8,36195,933,4255,86,86610,-54670
2020-03-01,Country_9,92680,33,2823,48,11442,78415
2020-03-02,Country_0,5000,16,1735,46,46289,-43024
2020-03-03,Country_1,71588,676,1585,83,53747,16256
2020-03-04,Country_2,94610,152,66,81,37327,57217
2020-03-05,Country_3,98856,997,3061,17,16199,79596
2020-03-06,Country_4,39304,377,2428,65,72827,-35951
2020-03-07,Country_5,70449,587,4153,67,112,66184
2020-03-08,Country_6,83986,598,341,93,87051,-3406
2020-03-09,Country_7,90643,628,2774,32,19581,68288
2020-03-10,Country_8,21764,873,2817,35,59722,-40775
2020-03-11,Country_9,87027,341,2661,81,16523,67843
2020-03-12,Country_0,39494,980,1232,18,66960,-28698
2020-03-13,Country_1,4373,26,3874,27,19552,-19053
2020-03-14,Country_2,13161,824,2401,39,10808,-48
2020-03-15,Country_3,98532,286,1494,83,72525,24513
2020-03-16,Country_4,93658,645,4211,96,23620,65827
2020-03-17,Country_5,28350,730,661,75,887,26802
2020-03-18,Country_6,94008,167,3883,14,31802,58323
2020-03-19,Country_7,95297,609,3619,40,85024,6654
2020-03-20,Country_8,26351,267,1868,38,81938,-57455
2020-03-21,Country_9,89668,748,2334,1,86741,593
2020-03-22,Country_0,16305,820,3374,62,26049,-13118
2020-03-23,Country_1,76353,454,1016,28,77789,-2452
2020-03-24,Country_2,77797,905,4406,73,84526,-11135
2020-03-25,Country_3,66953,684,207,65,7846,58900
2020-03-26,Country_4,58458,400,2665,50,46220,9573
2020-03-27,Country_5,21358,921,2493,74,46163,-27298
2020-03-28,Country_6,4267,980,632,76,3765,-130
2020-03-29,Country_7,83745,475,2102,9,81486,157
2020-03-30,Country_8,90588,701,2959,13,45270,42359
2020-03-31,Country_9,39513,633,3083,81,75277,-38847
2020-04-01,Country_0,27092,557,4752,50,88278,-65938
2020-04-02,Country_1,12338,575,1931,72,22931,-12524
2020-04-03,Country_2,1412,129,3719,38,89116,-91423
2020-04-04,Country_3,8543,821,2562,27,55633,-49652
2020-04-05,Country_4,34496,362,1679,2,80702,-47885
2020-04-06,Country_5,61692,704,236,83,51913,9543
2020-04-07,Country_6,90084,818,4443,69,25991,59650
2020-04-08,Country_7,93920,692,4725,26,54845,34350
2020-04-09,Country_8,45425,291,1540,1,55312,-11427
2020-04-10,Country_9,39756,370,3943,92,10561,25252
2020-04-11,Country_0,19888,793,363,37,16901,2624
2020-04-12,Country_1,36735,28,2368,2,62875,-28508
2020-04-13,Country_2,48295,148,285,15,25917,22093
2020-04-14,Country_3,84042,778,148,93,62120,21774
2020-04-15,Country_4,86999,295,4037,39,1988,80974
2020-04-16,Country_5,18955,10,4551,1,14256,148
2020-04-17,Country_6,38841,511,1766,80,87728,-50653
2020-04-18,Country_7,71640,675,4895,40,28230,38515
2020-04-19,Country_8,66510,112,1012,11,59778,5720
2020-04-20,Country_9,35911,186,2831,34,45833,-12753
2020-04-21,Country_0,60031,806,2507,64,22625,34899
2020-04-22,Country_1,89726,743,1523,54,32088,56115
2020-04-23,Country_2,8357,226,2785,44,79650,-74078
2020-04-24,Country_3,33479,309,2556,78,41167,-10244
2020-04-25,Country_4,62476,97,3725,89,71291,-12540
2020-04-26,Country_5,45811,54,4576,84,65303,-24068
2020-04-27,Country_6,37208,622,1601,61,76361,-40754
2020-04-28,Country_7,21150,663,2408,48,88229,-69487
2020-04-29,Country_8,72180,757,340,94,4117,67723
2020-04-30,Country_9,44286,405,2817,24,60710,-19241
2020-01-22,Country_0,69450,68,2496,22,67054,-100
2020-01-23,Country_1,22352,311,4930,23,30949,-13527
2020-01-24,Country_2,56069,288,1725,37,22547,31797
2020-01-25,Country_3,15397,761,1689,27,81882,-68174
2020-01-26,Country_4,42555,547,3267,20,68136,-28848
2020-01-27,Country_5,47959,750,4406,53,64619,-21066
2020-01-28,Country_6,1728,147,261,17,61842,-60375
2020-01-29,Country_7,51517,466,1442,35,26990,23085
2020-01-30,Country_8,67234,738,405,98,16193,50636
2020-01-31,Country_9,40954,243,2190,44,30109,8655
2020-02-01,Country_0,48280,490,4437,72,19233,24610
2020-02-02,Country_1,80459,848,243,52,81730,-1514
2020-02-03,Country_2,17779,957,4585,29,34510,-21316
2020-02-04,Country_3,64932,506,4107,59,1306,59519
2020-02-05,Country_4,73936,364,560,97,3849,69527
2020-02-06,Country_5,25466,481,4137,31,12360,8969
2020-02-07,Country_6,37939,200,2725,66,45800,-10586
2020-02-08,Country_7,70896,153,593,66,36963,33340
2020-02-09,Country_8,36270,449,1826,27,54330,-19886
2020-02-10,Country_9,60163,500,3229,43,51707,5227
2020-02-11,Country_0,83637,72,3287,78,18689,61661
2020-02-12,Country_1,52934,712,4073,40,29084,19777
2020-02-13,Country_2,65895,295,133,62,40387,25375
2020-02-14,Country_3,33307,16,3138,22,74816,-44647
2020-02-15,Country_4,55098,640,3919,74,2642,48537
2020-02-16,Country_5,61921,216,72,47,42137,19712
2020-02-17,Country_6,6486,60,4494,31,79832,-77840
2020-02-18,Country_7,9335,938,4225,56,55561,-50451
2020-02-19,Country_8,87900,615,2978,99,62260,22662
2020-02-20,Country_9,90112,41,4361,32,15438,70313
2020-02-21,Country_0,98203,24,1985,23,48442,47776
2020-02-22,Country_1,12130,38,792,38,2994,8344
2020-02-23,Country_2,88508,802,4259,33,1813,82436
2020-02-24,Country_3,61566,130,94,55,84381,-22909
2020-02-25,Country_4,67703,497,1133,27,55276,11294
2020-02-26,Country_5,28192,228,4917,36,41243,-17968
2020-02-27,Country_6,2062,107,237,6,62912,-61087
2020-02-28,Country_7,85076,171,2946,67,60272,21858
2020-02-29,Country_8,90780,434,2530,36,42051,46199
2020-03-01,Country_9,22545,477,1960,55,78854,-58269
2020-03-02,Country_0,22689,101,1048,64,82736,-61095
2020-03-03,Country_1,12174,865,2529,64,65618,-55973
2020-03-04,Country_2,89461,523,2964,46,1920,84577
2020-03-05,Country_3,10348,274,963,19,77219,-67834
2020-03-06,Country_4,24714,612,536,18,76872,-52694
2020-03-07,Country_5,39102,43,4223,28,81132,-46253
2020-03-08,Country_6,75460,954,3679,73,2093,69688
2020-03-09,Country_7,90930,816,4187,59,12905,73838
2020-03-10,Country_8,7801,956,3724,17,24351,-20274
2020-03-11,Country_9,73267,16,542,91,30981,41744
2020-03-12,Country_0,49136,329,845,34,73903,-25612
2020-03-13,Country_1,24625,568,3603,42,70821,-49799
2020-03-14,Country_2,83873,822,3036,94,82289,-1452
2020-03-15,Country_3,73592,496,2494,90,84021,-12923
2020-03-16,Country_4,78052,814,4485,10,78513,-4946
2020-03-17,Country_5,45261,11,2719,48,19874,22668
2020-03-18,Country_6,2542,317,1884,37,50931,-50273
2020-03-19,Country_7,22677,591,4138,63,7674,10865
2020-03-20,Country_8,47732,215,4349,68,50516,-7133
2020-03-21,Country_9,51343,338,3201,7,60686,-12544
2020-03-22,Country_0,40081,775,2710,33,69212,-31841
2020-03-23,Country_1,63856,990,1953,47,2426,59477
2020-03-24,Country_2,94105,660,4737,55,68498,20870
2020-03-25,Country_3,89858,80,3850,75,29943,56065
2020-03-26,Country_4,20065,726,689,64,66395,-47019
2020-03-27,Country_5,84460,484,1950,30,44816,37694
2020-03-28,Country_6,89092,373,456,3,4138,84498
2020-03-29,Country_7,55693,975,2130,49,75945,-22382
2020-03-30,Country_8,27962,709,3976,68,4017,19969
2020-03-31,Country_9,29295,199,4244,29,10451,14600
2020-04-01,Country_0,14807,536,1179,87,62956,-49328
2020-04-02,Country_1,43348,465,4285,58,10278,28785
2020-04-03,Country_2,27432,88,3565,66,43764,-19897
2020-04-04,Country_3,84285,267,882,74,1134,82269
2020-04-05,Country_4,92792,654,399,44,62943,29450
2020-04-06,Country_5,58854,570,608,3,54318,3928
2020-04-07,Country_6,41262,921,1638,25,60128,-20504
2020-04-08,Country_7,38080,488,2148,26,88056,-52124
2020-04-09,Country_8,2324,876,1382,45,21869,-20927
2020-04-10,Country_9,92267,537,1403,63,5039,85825
2020-04-11,Country_0,36909,46,819,90,21281,14809
2020-04-12,Country_1,90339,287,3292,50,10442,76605
2020-04-13,Country_2,20870,777,819,49,73788,-53737
2020-04-14,Country_3,35578,15,419,5,27586,7573
2020-04-15,Country_4,73124,710,4219,58,53053,15852
2020-04-16,Country_5,27790,400,4517,14,50489,-27216
2020-04-17,Country_6,26289,918,3302,29,83104,-60117
2020-04-18,Country_7,56129,793,1508,41,86346,-31725
2020-04-19,Country_8,94714,980,767,36,67087,26860
2020-04-20,Country_9,95246,85,2044,41,12625,80577
2020-04-21,Country_0,16485,249,2139,34,34397,-20051
2020-04-22,Country_1,45482,390,3029,86,58671,-16218
2020-04-23,Country_2,87188,781,1549,5,66897,18742
2020-04-24,Country_3,5748,334,1764,67,26149,-22165
2020-04-25,Country_4,87769,628,2645,17,60030,25094
2020-04-26,Country_5,10435,518,3716,72,69906,-63187
2020-04-27,Country_6,4709,136,4605,28,5283,-5179
2020-04-28,Country_7,31355,882,4481,76,7610,19264
2020-04-29,Country_8,56771,687,2293,58,43326,11152
2020-04-30,Country_9,58799,839,4837,46,14924,39038
2020-01-22,Country_0,14116,497,2708,16,76162,-64754
2020-01-23,Country_1,26470,826,900,95,869,24701
2020-01-24,Country_2,43344,726,3084,21,1014,39246
2020-01-25,Country_3,43918,476,2009,67,10103,31806
2020-01-26,Country_4,53224,593,241,68,82522,-29539
2020-01-27,Country_5,40298,222,2385,36,33458,4455
2020-01-28,Country_6,81219,989,4268,48,82409,-5458
2020-01-29,Country_7,62629,371,671,12,23248,38710
2020-01-30,Country_8,67040,934,163,33,89160,-22283
2020-01-31,Country_9,29016,994,464,85,43516,-14964
2020-02-01,Country_0,24960,401,3042,52,29061,-7143
2020-02-02,Country_1,34591,442,4592,86,24170,5829
2020-02-03,Country_2,83848,489,4795,50,8024,71029
2020-02-04,Country_3,68641,614,2442,2,82214,-16015
2020-02-05,Country_4,37395,272,4798,41,85947,-53350
2020-02-06,Country_5,23700,525,2355,97,43803,-22458
2020-02-07,Country_6,35620,158,4278,31,19296,12046
2020-02-08,Country_7,21559,151,4724,50,86664,-69829
2020-02-09,Country_8,94045,994,2557,84,18257,73231
2020-02-10,Country_9,94396,619,545,45,12855,80996
2020-02-11,Country_0,62642,187,4719,20,85178,-27255
2020-02-12,Country_1,77539,812,3835,43,20025,53679
2020-02-13,Country_2,22732,97,593,10,4458,17681
2020-02-14,Country_3,92362,130,4839,67,63610,23913
2020-02-15,Country_4,31354,804,3804,0,70843,-43293
2020-02-16,Country_5,14843,170,1459,91,83961,-70577
2020-02-17,Country_6,72726,935,3493,62,49831,19402
2020-02-18,Country_7,18640,985,2601,23,43427,-27388
2020-02-19,Country_8,53528,182,2444,98,38506,12578
2020-02-20,Country_9,39413,982,2672,12,5668,31073
2020-02-21,Country_0,53638,363,4200,97,47195,2243
2020-02-22,Country_1,53736,38,16,10,73233,-19513
2020-02-23,Country_2,69866,526,3191,99,24417,42258
2020-02-24,Country_3,20087,887,392,50,81982,-62287
2020-02-25,Country_4,42430,496,424,16,10751,31255
2020-02-26,Country_5,25504,515,571,98,46218,-21285
2020-02-27,Country_6,8114,348,3631,81,7352,-2869
2020-02-28,Country_7,79859,981,1120,85,79052,-313
2020-02-29,Country_8,11975,920,241,23,88835,-77101
2020-03-01,Country_9,12023,396,3897,18,28927,-20801
2020-03-02,Country_0,22447,721,4095,36,41094,-22742
2020-03-03,Country_1,91469,160,2279,84,54122,35068
2020-03-04,Country_2,24959,15,788,7,29493,-5322
2020-03-05,Country_3,67203,492,714,27,73539,-7050
2020-03-06,Country_4,30703,425,4854,4,31707,-5858
2020-03-07,Country_5,10337,107,2849,16,68814,-61326
2020-03-08,Country_6,47427,893,775,35,7296,39356
2020-03-09,Country_7,62529,449,4026,18,25398,33105
2020-03-10,Country_8,85665,310,2247,63,35842,47576
2020-03-11,Country_9,32921,738,78,90,13261,19582
2020-03-12,Country_0,34307,169,3926,97,76709,-46328
2020-03-13,Country_1,28355,545,855,10,56704,-29204
2020-03-14,Country_2,5835,413,2148,53,67173,-63486
2020-03-15,Country_3,21159,250,1031,44,31781,-11653
2020-03-16,Country_4,48605,758,4940,46,13652,30013
2020-03-17,Country_5,39088,780,3271,11,5103,30714
2020-03-18,Country_6,79752,140,3576,20,25500,50676
2020-03-19,Country_7,56284,273,4182,10,35529,16573
2020-03-20,Country_8,58043,415,3456,91,18452,36135
2020-03-21,Country_9,36547,607,3506,4,49393,-16352
2020-03-22,Country_0,98007,738,407,80,31174,66426
2020-03-23,Country_1,83844,890,2711,55,64450,16683
2020-03-24,Country_2,28532,38,3088,19,35436,-9992
2020-03-25,Country_3,35349,813,1668,40,47406,-13725
2020-03-26,Country_4,46445,28,147,45,63059,-16761
2020-03-27,Country_5,6713,957,4327,11,15954,-13568
2020-03-28,Country_6,57178,476,3897,69,82722,-29441
2020-03-29,Country_7,50407,317,1950,16,12356,36101
2020-03-30,Country_8,71340,244,365,18,2187,68788
2020-03-31,Country_9,51990,747,1674,25,77243,-26927
2020-04-01,Country_0,76672,696,4531,47,35098,37043
2020-04-02,Country_1,66545,271,4494,51,21225,40826
2020-04-03,Country_2,85791,439,2546,95,3606,79639
2020-04-04,Country_3,59141,747,562,69,57620,959
2020-04-05,Country_4,24793,238,3562,54,32828,-11597
2020-04-06,Country_5,57570,376,2489,99,26489,28592
2020-04-07,Country_6,96084,265,772,74,14387,80925
2020-04-08,Country_7,38892,925,2037,32,69463,-32608
2020-04-09,Country_8,2015,920,3423,61,71832,-73240
2020-04-10,Country_9,62813,358,2567,87,2591,57655
2020-04-11,Country_0,28712,339,1573,22,48516,-21377
2020-04-12,Country_1,9415,388,3694,14,62061,-56340
2020-04-13,Country_2,63292,576,3291,26,66736,-6735
2020-04-14,Country_3,24833,989,1246,74,81257,-57670
2020-04-15,Country_4,5158,688,3719,63,61753,-60314
2020-04-16,Country_5,63680,2,3839,80,84774,-24933
2020-04-17,Country_6,21309,428,359,50,11087,9863
2020-04-18,Country_7,7970,141,2376,52,30816,-25222
2020-04-19,Country_8,73474,375,3009,77,23408,47057
2020-04-20,Country_9,87704,669,2993,90,136,84575
2020-04-21,Country_0,47540,323,962,81,17413,29165
2020-04-22,Country_1,21384,145,3632,91,59500,-41748
2020-04-23,Country_2,19017,957,1827,50,84514,-67324
2020-04-24,Country_3,76880,292,1613,46,56358,18909
2020-04-25,Country_4,9702,664,1640,3,66197,-58135
2020-04-26,Country_5,1384,431,2216,6,32854,-33686
2020-04-27,Country_6,1404,704,4312,34,76240,-79148
2020-04-28,Country_7,41943,948,377,47,16322,25244
2020-04-29,Country_8,48926,974,4214,72,6968,37744
2020-04-30,Country_9,30189,584,4285,71,27518,-1614
2020-01-22,Country_0,13763,398,369,44,51925,-38531
2020-01-23,Country_1,19384,816,2196,80,59848,-42660
2020-01-24,Country_2,61100,888,3747,80,1700,55653
2020-01-25,Country_3,99142,343,651,96,23199,75292
2020-01-26,Country_4,10860,963,769,95,44589,-34498
2020-01-27,Country_5,81642,139,2421,71,32115,47106
2020-01-28,Country_6,51612,186,780,18,61934,-11102
2020-01-29,Country_7,24574,804,1716,62,54316,-31458
2020-01-30,Country_8,24524,60,3983,37,5520,15021
2020-01-31,Country_9,70172,996,1311,66,36455,32406
2020-02-01,Country_0,11916,938,3359,58,86465,-77908
2020-02-02,Country_1,5809,379,522,68,41605,-36318
2020-02-03,Country_2,33201,709,521,12,14955,17725
2020-02-04,Country_3,54330,806,4878,46,44049,5403
2020-02-05,Country_4,14456,439,2320,60,13917,-1781
2020-02-06,Country_5,57397,318,935,30,70293,-13831
2020-02-07,Country_6,39765,301,2230,79,78581,-41046
2020-02-08,Country_7,35816,343,4040,95,64925,-33149
2020-02-09,Country_8,46106,10,4583,21,70269,-28746
2020-02-10,Country_9,54932,61,4941,92,30954,19037
2020-02-11,Country_0,18100,844,3697,85,72617,-58214
2020-02-12,Country_1,58091,225,2837,42,41458,13796
2020-02-13,Country_2,22949,152,4083,66,89037,-70171
2020-02-14,Country_3,71080,710,2461,53,21113,47506
2020-02-15,Country_4,38744,563,3243,9,43939,-8438
2020-02-16,Country_5,46543,771,3359,41,29345,13839
2020-02-17,Country_6,93193,570,685,63,46313,46195
2020-02-18,Country_7,37187,583,2160,20,69166,-34139
2020-02-19,Country_8,8239,659,3988,79,47861,-43610
2020-02-20,Country_9,15489,860,4066,75,49298,-37875
2020-02-21,Country_0,59017,574,1567,65,47221,10229
2020-02-22,Country_1,62877,309,38,40,44942,17897
2020-02-23,Country_2,44125,884,2544,23,3453,38128
2020-02-24,Country_3,50922,242,4875,34,54935,-8888
2020-02-25,Country_4,95074,492,1256,55,43370,50448
2020-02-26,Country_5,33049,365,2990,29,8328,21731
2020-02-27,Country_6,38131,329,2196,56,15534,20401
2020-02-28,Country_7,43944,106,3468,93,85280,-44804
2020-02-29,Country_8,74963,225,2708,46,84925,-12670
2020-03-01,Country_9,25285,824,301,34,36320,-11336
2020-03-02,Country_0,38626,217,646,18,49170,-11190
2020-03-03,Country_1,43808,936,4758,7,80201,-41151
2020-03-04,Country_2,89464,752,1759,25,8640,79065
2020-03-05,Country_3,54871,505,4351,70,30049,20471
2020-03-06,Country_4,20198,258,597,29,5618,13983
2020-03-07,Country_5,20758,887,661,6,56053,-35956
2020-03-08,Country_6,16254,773,4330,66,1920,10004
2020-03-09,Country_7,45238,516,1368,64,43937,-67
2020-03-10,Country_8,2252,772,2581,35,69724,-70053
2020-03-11,Country_9,40764,53,3868,24,12207,24689
2020-03-12,Country_0,78709,46,3537,36,65774,9398
2020-03-13,Country_1,38441,726,4865,0,32972,604
2020-03-14,Country_2,93234,688,4308,14,10799,78127
2020-03-15,Country_3,54682,520,4558,36,71088,-20964
2020-03-16,Country_4,60494,98,282,12,28916,31296
2020-03-17,Country_5,82317,19,3678,7,70463,8176
2020-03-18,Country_6,66215,889,1486,4,76700,-11971
2020-03-19,Country_7,79587,752,4082,59,37158,38347
2020-03-20,Country_8,7949,572,4183,72,84607,-80841
2020-03-21,Country_9,56393,890,460,0,71696,-15763
2020-03-22,Country_0,74553,489,2325,35,61510,10718
2020-03-23,Country_1,7941,418,3754,34,58692,-54505
2020-03-24,Country_2,26934,689,2468,65,61744,-37278
2020-03-25,Country_3,24386,849,1724,62,15810,6852
2020-03-26,Country_4,62886,61,1376,22,5126,56384
2020-03-27,Country_5,76745,144,2743,8,30009,43993
2020-03-28,Country_6,84251,215,514,33,192,83545
2020-03-29,Country_7,95456,2,702,45,36413,58341
2020-03-30,Country_8,54413,159,1653,77,12816,39944
2020-03-31,Country_9,57800,738,2066,3,39082,16652
2020-04-01,Country_0,98239,997,22,29,65048,33169
2020-04-02,Country_1,43318,780,2460,94,50940,-10082
2020-04-03,Country_2,71173,119,1304,74,32130,37739
2020-04-04,Country_3,71390,892,3300,98,40142,27948
2020-04-05,Country_4,53329,88,361,71,36468,16500
2020-04-06,Country_5,44088,328,3727,2,30698,9663
2020-04-07,Country_6,40811,579,1284,13,10655,28872
2020-04-08,Country_7,56479,909,514,59,47897,8068
2020-04-09,Country_8,86392,356,448,76,30075,55869
2020-04-10,Country_9,88369,609,1855,44,9359,77155
2020-04-11,Country_0,20963,266,4969,95,42056,-26062
2020-04-12,Country_1,56123,616,3562,33,51831,730
2020-04-13,Country_2,93705,951,2520,44,59191,31994
2020-04-14,Country_3,74477,322,3081,60,33272,38124
2020-04-15,Country_4,15388,634,1428,82,14671,-711
2020-04-16,Country_5,6569,987,3967,15,27048,-24446
2020-04-17,Country_6,70836,540,922,65,76274,-6360
2020-04-18,Country_7,37586,648,3137,39,25963,8486
2020-04-19,Country_8,13015,194,2159,16,43954,-33098
2020-04-20,Country_9,46002,920,2547,33,72309,-28854
2020-04-21,Country_0,7254,737,2979,15,717,3558
2020-04-22,Country_1,18144,331,2281,59,11676,4187
2020-04-23,Country_2,25214,169,2649,65,4434,18131
2020-04-24,Country_3,81719,520,313,65,49810,31596
2020-04-25,Country_4,72774,462,2613,89,4994,65167
2020-04-26,Country_5,7090,39,3083,12,4234,-227
2020-04-27,Country_6,12637,536,2256,55,69300,-58919
2020-04-28,Country_7,23415,260,1037,30,43949,-21571
2020-04-29,Country_8,25071,394,3489,33,37405,-15823
2020-04-30,Country_9,59243,954,2634,38,34872,21737
2020-01-22,Country_0,42240,225,3983,66,42215,-3958
2020-01-23,Country_1,84807,983,1778,7,23185,59844
2020-01-24,Country_2,34434,123,3895,86,43442,-12903
2020-01-25,Country_3,70724,974,1124,77,51759,17841
2020-01-26,Country_4,76697,37,697,54,41153,34847
2020-01-27,Country_5,29732,327,2179,26,77535,-49982
2020-01-28,Country_6,12314,250,1404,92,2581,8329
2020-01-29,Country_7,24954,900,1043,52,51717,-27806
2020-01-30,Country_8,58108,175,1929,38,2763,53416
2020-01-31,Country_9,88044,601,1013,64,55480,31551
2020-02-01,Country_0,88505,913,226,16,38759,49520
2020-02-02,Country_1,37668,453,1828,29,76067,-40227
2020-02-03,Country_2,24061,36,4917,52,25307,-6163
2020-02-04,Country_3,80252,315,2023,12,11064,67165
2020-02-05,Country_4,40749,687,4966,20,76848,-41065
2020-02-06,Country_5,17907,972,2452,18,37548,-22093
2020-02-07,Country_6,19777,795,2085,52,36945,-19253
2020-02-08,Country_7,94229,964,4283,18,47937,42009
2020-02-09,Country_8,52745,972,1080,56,6476,45189
2020-02-10,Country_9,92865,592,2320,24,51756,38789
2020-02-11,Country_0,82818,113,3190,85,2382,77246
2020-02-12,Country_1,24624,39,2630,30,49683,-27689
2020-02-13,Country_2,24321,300,2563,80,87999,-66241
2020-02-14,Country_3,11488,223,3292,54,45276,-37080
2020-02-15,Country_4,23574,317,4621,22,33402,-14449
2020-02-16,Country_5,6240,348,3586,31,26946,-24292
2020-02-17,Country_6,44221,114,4431,61,79698,-39908
2020-02-18,Country_7,11478,697,2947,73,73933,-65402
2020-02-19,Country_8,56645,322,3959,9,22335,30351
2020-02-20,Country_9,20262,567,2813,99,45095,-27646
2020-02-21,Country_0,53796,39,2583,71,79930,-28717
2020-02-22,Country_1,5432,865,161,53,27197,-21926
2020-02-23,Country_2,96257,39,593,51,22010,73654
2020-02-24,Country_3,65291,858,3259,19,24123,37909
2020-02-25,Country_4,80104,972,4155,31,87923,-11974
2020-02-26,Country_5,60399,748,2962,13,2890,54547
2020-02-27,Country_6,80714,288,3888,49,8026,68800
2020-02-28,Country_7,51428,261,3390,27,64925,-16887
2020-02-29,Country_8,88731,215,4501,52,68842,15388
2020-03-01,Country_9,1302,146,663,23,33665,-33026
2020-03-02,Country_0,83558,335,1132,78,9277,73149
2020-03-03,Country_1,1055,167,541,21,42239,-41725
2020-03-04,Country_2,9717,91,2974,29,47664,-40921
2020-03-05,Country_3,29699,352,867,62,48008,-19176
2020-03-06,Country_4,74686,570,2066,3,14683,57937
2020-03-07,Country_5,68661,570,431,76,670,67560
2020-03-08,Country_6,45247,815,4835,58,89211,-48799
2020-03-09,Country_7,17748,680,4278,86,17889,-4419
2020-03-10,Country_8,5621,780,1206,7,55612,-51197
2020-03-11,Country_9,16034,362,2528,81,44535,-31029
2020-03-12,Country_0,6126,556,1169,11,78542,-73585
2020-03-13,Country_1,6122,344,830,30,54319,-49027
2020-03-14,Country_2,19030,692,1651,77,21639,-4260
2020-03-15,Country_3,83838,169,1136,33,64712,17990
2020-03-16,Country_4,85717,355,2810,81,16633,66274
2020-03-17,Country_5,56658,190,475,97,34660,21523
2020-03-18,Country_6,39638,666,2810,74,68975,-32147
2020-03-19,Country_7,68067,421,1326,75,32172,34569
2020-03-20,Country_8,89869,699,1019,48,59197,29653
2020-03-21,Country_9,35674,6,1836,78,58847,-25009
2020-03-22,Country_0,36854,132,4256,56,11577,21021
2020-03-23,Country_1,47271,746,2448,94,77299,-32476
2020-03-24,Country_2,74688,556,4293,92,20176,50219
2020-03-25,Country_3,39518,825,1283,25,44386,-6151
2020-03-26,Country_4,11267,760,659,17,63972,-53364
2020-03-27,Country_5,91825,30,2010,95,89791,24
2020-03-28,Country_6,2062,534,398,85,41003,-39339
2020-03-29,Country_7,51448,425,1733,37,19996,29719
2020-03-30,Country_8,96462,393,2125,80,86598,7739
2020-03-31,Country_9,7229,671,2171,86,35931,-30873
2020-04-01,Country_0,57793,362,74,87,35710,22009
2020-04-02,Country_1,48915,436,4697,49,34693,9525
2020-04-03,Country_2,5632,669,3471,7,35740,-33579
2020-04-04,Country_3,4596,550,836,40,77241,-73481
2020-04-05,Country_4,7168,926,499,5,76502,-69833
2020-04-06,Country_5,8561,81,137,68,17374,-8950
2020-04-07,Country_6,74794,355,2097,43,76674,-3977
2020-04-08,Country_7,83152,257,3696,63,81471,-2015
2020-04-09,Country_8,27734,717,1885,28,45913,-20064
2020-04-10,Country_9,7371,588,2757,27,66025,-61411
2020-04-11,Country_0,27069,988,3920,10,44516,-21367
2020-04-12,Country_1,80905,523,1900,64,87796,-8791
2020-04-13,Country_2,13910,294,2610,18,26069,-14769
2020-04-14,Country_3,74479,961,3986,8,56233,14260
2020-04-15,Country_4,78735,223,1449,26,84811,-7525
2020-04-16,Country_5,82264,524,546,33,59049,22669
2020-04-17,Country_6,24275,45,4676,43,39178,-19579
2020-04-18,Country_7,73274,666,2003,67,32821,38450
2020-04-19,Country_8,82449,112,2096,99,51727,28626
2020-04-20,Country_9,61004,232,703,81,60935,-634
2020-04-21,Country_0,63981,16,2403,14,16999,44579
2020-04-22,Country_1,85659,359,1625,50,62522,21512
2020-04-23,Country_2,55553,222,3331,12,38712,13510
2020-04-24,Country_3,49447,865,4733,82,64551,-19837
2020-04-25,Country_4,35529,699,2978,48,40172,-7621
2020-04-26,Country_5,76703,447,4736,69,33722,38245
2020-04-27,Country_6,77090,855,2839,55,10625,63626
2020-04-28,Country_7,18260,364,3384,75,67165,-52289
2020-04-29,Country_8,4812,674,2659,50,76509,-74356
2020-04-30,Country_9,29024,325,1861,36,6859,20304
